{
  "train": {
    "total_samples": 14704,
    "class_stats": {
      "CG": {
        "count": 2049,
        "percentage": 13.934983677910772
      },
      "IG": {
        "count": 1856,
        "percentage": 12.622415669205658
      },
      "PS3": {
        "count": 953,
        "percentage": 6.481229597388466
      },
      "PS6": {
        "count": 1035,
        "percentage": 7.038900979325353
      },
      "PS10": {
        "count": 771,
        "percentage": 5.243471164309032
      },
      "QDDB": {
        "count": 1166,
        "percentage": 7.929815016322089
      },
      "QZQG": {
        "count": 887,
        "percentage": 6.032372143634386
      },
      "SG": {
        "count": 789,
        "percentage": 5.36588683351469
      },
      "TP": {
        "count": 1495,
        "percentage": 10.167301414581067
      },
      "TS": {
        "count": 1429,
        "percentage": 9.718443960826987
      },
      "YMXH": {
        "count": 1083,
        "percentage": 7.365342763873777
      },
      "YXXB": {
        "count": 1191,
        "percentage": 8.099836779107726
      }
    }
  },
  "val": {
    "total_samples": 3151,
    "class_stats": {
      "CG": {
        "count": 439,
        "percentage": 13.932085052364329
      },
      "IG": {
        "count": 397,
        "percentage": 12.599174865122183
      },
      "PS3": {
        "count": 204,
        "percentage": 6.4741351951761335
      },
      "PS6": {
        "count": 222,
        "percentage": 7.04538241827991
      },
      "PS10": {
        "count": 166,
        "percentage": 5.268168835290385
      },
      "QDDB": {
        "count": 250,
        "percentage": 7.933989209774675
      },
      "QZQG": {
        "count": 190,
        "percentage": 6.029831799428752
      },
      "SG": {
        "count": 170,
        "percentage": 5.395112662646779
      },
      "TP": {
        "count": 320,
        "percentage": 10.155506188511582
      },
      "TS": {
        "count": 306,
        "percentage": 9.711202792764203
      },
      "YMXH": {
        "count": 232,
        "percentage": 7.3627419866708985
      },
      "YXXB": {
        "count": 255,
        "percentage": 8.092668993970168
      }
    }
  },
  "test": {
    "total_samples": 3152,
    "class_stats": {
      "CG": {
        "count": 439,
        "percentage": 13.927664974619288
      },
      "IG": {
        "count": 398,
        "percentage": 12.626903553299492
      },
      "PS3": {
        "count": 204,
        "percentage": 6.472081218274112
      },
      "PS6": {
        "count": 222,
        "percentage": 7.043147208121828
      },
      "PS10": {
        "count": 165,
        "percentage": 5.2347715736040605
      },
      "QDDB": {
        "count": 250,
        "percentage": 7.931472081218274
      },
      "QZQG": {
        "count": 190,
        "percentage": 6.027918781725888
      },
      "SG": {
        "count": 169,
        "percentage": 5.361675126903553
      },
      "TP": {
        "count": 321,
        "percentage": 10.184010152284264
      },
      "TS": {
        "count": 306,
        "percentage": 9.708121827411167
      },
      "YMXH": {
        "count": 233,
        "percentage": 7.392131979695432
      },
      "YXXB": {
        "count": 255,
        "percentage": 8.09010152284264
      }
    }
  }
}